player_name,cluster,cluster_name,games_played
A.J. Lawson,18,Corner Specialist (Off-Ball),41
AJ Green,3,Low-Usage Corner Specialist (Off-Ball),56
Aaron Gordon,1,Scoring Big,72
Aaron Holiday,8,Primary Shot-Creating Guard (Facilitator),77
Aaron Nesmith,18,Corner Specialist (Off-Ball),72
Aaron Wiggins,1,Scoring Big,77
Al Horford,3,Low-Usage Corner Specialist (Off-Ball),65
Alec Burks,2,Pull-Up Shooter,66
Aleksej Pokusevski,15,Low-Usage 3&D Wing (Defensive),27
Alex Caruso,13,Pull-Up Shooter (Defensive),70
Alex Len,17,Low-Usage Defensive Anchor (Defensive),47
Alperen Sengun,12,High-Usage Slashing Wing,63
Amen Thompson,16,Scoring Big (Defensive),61
Amir Coffey,18,Corner Specialist (Off-Ball),69
Andre Drummond,24,Post-Up Center (Aggressive),79
Andre Jackson Jr.,18,Corner Specialist (Off-Ball),56
Andrew Nembhard,23,Primary Scoring Guard (Facilitator),67
Andrew Wiggins,22,Role Player,70
Anfernee Simons,8,Primary Shot-Creating Guard (Facilitator),46
Anthony Black,14,Two-Way Wing,68
Anthony Davis,10,Mid-Range Scorer (Defensive),76
Anthony Edwards,11,High-Usage Scoring Guard (Self-Creator),78
Anthony Gill,1,Scoring Big,49
Ausar Thompson,16,Scoring Big (Defensive),63
Austin Reaves,8,Primary Shot-Creating Guard (Facilitator),82
Ayo Dosunmu,1,Scoring Big,76
Bam Adebayo,10,Mid-Range Scorer (Defensive),70
Ben Sheppard,4,Corner Specialist (Off-Ball),57
Bennedict Mathurin,22,Role Player,60
Bilal Coulibaly,18,Corner Specialist (Off-Ball),63
Bismack Biyombo,6,Low-Usage Rim-Running Center (Defensive),38
Blake Wesley,1,Scoring Big,60
Bobby Portis,10,Mid-Range Scorer (Defensive),81
Bogdan Bogdanovic,13,Pull-Up Shooter (Defensive),78
Bojan Bogdanovic,22,Role Player,56
Bol Bol,15,Low-Usage 3&D Wing (Defensive),41
Bones Hyland,8,Primary Shot-Creating Guard (Facilitator),37
Bradley Beal,23,Primary Scoring Guard (Facilitator),52
Brandin Podziemski,19,High-Usage Versatile Role Player (Facilitator),73
Brandon Boston Jr.,22,Role Player,31
Brandon Ingram,7,High-Usage Mid-Range Playmaker (Aggressive),63
Brandon Miller,22,Role Player,74
Brice Sensabaugh,22,Role Player,31
Brook Lopez,15,Low-Usage 3&D Wing (Defensive),78
Bruce Brown,1,Scoring Big,67
Bruno Fernando,6,Low-Usage Rim-Running Center (Defensive),44
Bryce McGowens,1,Scoring Big,58
Buddy Hield,13,Pull-Up Shooter (Defensive),84
CJ McCollum,8,Primary Shot-Creating Guard (Facilitator),65
Cade Cunningham,23,Primary Scoring Guard (Facilitator),62
Caleb Houstan,3,Low-Usage Corner Specialist (Off-Ball),58
Caleb Martin,22,Role Player,63
Cam Reddish,18,Corner Specialist (Off-Ball),49
Cam Thomas,23,Primary Scoring Guard (Facilitator),65
Cam Whitmore,22,Role Player,46
Cameron Johnson,2,Pull-Up Shooter,58
Cameron Payne,8,Primary Shot-Creating Guard (Facilitator),77
Caris LeVert,19,High-Usage Versatile Role Player (Facilitator),68
Cason Wallace,4,Corner Specialist (Off-Ball),81
Cedi Osman,14,Two-Way Wing,72
Chet Holmgren,15,Low-Usage 3&D Wing (Defensive),81
Chimezie Metu,16,Scoring Big (Defensive),50
Chris Boucher,15,Low-Usage 3&D Wing (Defensive),50
Chris Duarte,13,Pull-Up Shooter (Defensive),58
Chris Paul,23,Primary Scoring Guard (Facilitator),57
Christian Braun,1,Scoring Big,81
Christian Wood,15,Low-Usage 3&D Wing (Defensive),50
Chuma Okeke,3,Low-Usage Corner Specialist (Off-Ball),46
Clint Capela,24,Post-Up Center (Aggressive),73
Coby White,8,Primary Shot-Creating Guard (Facilitator),78
Cody Martin,19,High-Usage Versatile Role Player (Facilitator),28
Cody Zeller,17,Low-Usage Defensive Anchor (Defensive),41
Colby Jones,16,Scoring Big (Defensive),29
Cole Anthony,19,High-Usage Versatile Role Player (Facilitator),80
Collin Sexton,19,High-Usage Versatile Role Player (Facilitator),78
Corey Kispert,3,Low-Usage Corner Specialist (Off-Ball),79
Cory Joseph,2,Pull-Up Shooter,26
Craig Porter Jr.,23,Primary Scoring Guard (Facilitator),39
D'Angelo Russell,8,Primary Shot-Creating Guard (Facilitator),76
Dalano Banton,19,High-Usage Versatile Role Player (Facilitator),53
Dalen Terry,1,Scoring Big,58
Damian Jones,17,Low-Usage Defensive Anchor (Defensive),38
Damian Lillard,5,High-Usage Elite Perimeter Creator (Facilitator),72
Daniel Gafford,6,Low-Usage Rim-Running Center (Defensive),74
Daniel Theis,14,Two-Way Wing,59
Danilo Gallinari,22,Role Player,49
Dante Exum,1,Scoring Big,55
Danuel House Jr.,1,Scoring Big,34
Dario Saric,14,Two-Way Wing,63
Darius Garland,11,High-Usage Scoring Guard (Self-Creator),57
David Roddy,1,Scoring Big,64
Davion Mitchell,14,Two-Way Wing,71
Davis Bertans,3,Low-Usage Corner Specialist (Off-Ball),43
Day'Ron Sharpe,17,Low-Usage Defensive Anchor (Defensive),61
De'Aaron Fox,11,High-Usage Scoring Guard (Self-Creator),73
De'Andre Hunter,22,Role Player,56
De'Anthony Melton,13,Pull-Up Shooter (Defensive),38
DeAndre Jordan,24,Post-Up Center (Aggressive),36
DeMar DeRozan,7,High-Usage Mid-Range Playmaker (Aggressive),78
Dean Wade,4,Corner Specialist (Off-Ball),54
Deandre Ayton,10,Mid-Range Scorer (Defensive),55
Dejounte Murray,23,Primary Scoring Guard (Facilitator),77
Delon Wright,-1,Other / Unique Stars,46
Deni Avdija,12,High-Usage Slashing Wing,74
Dennis Schroder,23,Primary Scoring Guard (Facilitator),80
Dennis Smith Jr.,19,High-Usage Versatile Role Player (Facilitator),56
Dereck Lively II,6,Low-Usage Rim-Running Center (Defensive),55
Derrick Jones Jr.,18,Corner Specialist (Off-Ball),76
Derrick White,8,Primary Shot-Creating Guard (Facilitator),73
Desmond Bane,8,Primary Shot-Creating Guard (Facilitator),42
Devin Booker,23,Primary Scoring Guard (Facilitator),67
Devin Vassell,23,Primary Scoring Guard (Facilitator),68
Dillon Brooks,13,Pull-Up Shooter (Defensive),72
Domantas Sabonis,12,High-Usage Slashing Wing,81
Dominick Barlow,10,Mid-Range Scorer (Defensive),33
Donovan Mitchell,11,High-Usage Scoring Guard (Self-Creator),55
Donte DiVincenzo,13,Pull-Up Shooter (Defensive),80
Dorian Finney-Smith,18,Corner Specialist (Off-Ball),68
Doug McDermott,3,Low-Usage Corner Specialist (Off-Ball),63
Draymond Green,12,High-Usage Slashing Wing,55
Drew Eubanks,17,Low-Usage Defensive Anchor (Defensive),74
Duncan Robinson,3,Low-Usage Corner Specialist (Off-Ball),68
Duop Reath,15,Low-Usage 3&D Wing (Defensive),67
Dwight Powell,17,Low-Usage Defensive Anchor (Defensive),62
Dyson Daniels,16,Scoring Big (Defensive),60
Eric Gordon,3,Low-Usage Corner Specialist (Off-Ball),68
Eugene Omoruyi,16,Scoring Big (Defensive),42
Evan Fournier,13,Pull-Up Shooter (Defensive),31
Evan Mobley,17,Low-Usage Defensive Anchor (Defensive),49
Franz Wagner,19,High-Usage Versatile Role Player (Facilitator),71
Fred VanVleet,8,Primary Shot-Creating Guard (Facilitator),73
Furkan Korkmaz,13,Pull-Up Shooter (Defensive),35
GG Jackson,22,Role Player,47
Garrett Temple,18,Corner Specialist (Off-Ball),26
Garrison Mathews,3,Low-Usage Corner Specialist (Off-Ball),65
Gary Harris,4,Corner Specialist (Off-Ball),53
Gary Payton II,16,Scoring Big (Defensive),44
Gary Trent Jr.,2,Pull-Up Shooter,70
Georges Niang,18,Corner Specialist (Off-Ball),81
Giannis Antetokounmpo,12,High-Usage Slashing Wing,73
Goga Bitadze,17,Low-Usage Defensive Anchor (Defensive),61
Gordon Hayward,23,Primary Scoring Guard (Facilitator),50
Gradey Dick,2,Pull-Up Shooter,59
Grant Williams,18,Corner Specialist (Off-Ball),76
Grayson Allen,3,Low-Usage Corner Specialist (Off-Ball),74
Harrison Barnes,18,Corner Specialist (Off-Ball),81
Haywood Highsmith,18,Corner Specialist (Off-Ball),65
Herbert Jones,18,Corner Specialist (Off-Ball),75
Immanuel Quickley,8,Primary Shot-Creating Guard (Facilitator),68
Isaac Okoro,18,Corner Specialist (Off-Ball),68
Isaiah Hartenstein,17,Low-Usage Defensive Anchor (Defensive),74
Isaiah Jackson,6,Low-Usage Rim-Running Center (Defensive),59
Isaiah Joe,3,Low-Usage Corner Specialist (Off-Ball),77
Isaiah Stewart,15,Low-Usage 3&D Wing (Defensive),46
Ish Smith,23,Primary Scoring Guard (Facilitator),43
Ivica Zubac,24,Post-Up Center (Aggressive),68
JT Thor,15,Low-Usage 3&D Wing (Defensive),62
JaVale McGee,17,Low-Usage Defensive Anchor (Defensive),45
Jabari Smith Jr.,15,Low-Usage 3&D Wing (Defensive),75
Jabari Walker,1,Scoring Big,72
Jacob Gilyard,8,Primary Shot-Creating Guard (Facilitator),40
Jaden Hardy,22,Role Player,72
Jaden Ivey,22,Role Player,76
Jaden McDaniels,18,Corner Specialist (Off-Ball),71
Jaden Springer,16,Scoring Big (Defensive),48
Jae Crowder,4,Corner Specialist (Off-Ball),49
Jae'Sean Tate,1,Scoring Big,65
Jaime Jaquez Jr.,1,Scoring Big,74
Jake LaRavia,13,Pull-Up Shooter (Defensive),34
Jakob Poeltl,6,Low-Usage Rim-Running Center (Defensive),50
Jalen Brunson,23,Primary Scoring Guard (Facilitator),76
Jalen Duren,24,Post-Up Center (Aggressive),61
Jalen Green,11,High-Usage Scoring Guard (Self-Creator),81
Jalen Johnson,1,Scoring Big,56
Jalen McDaniels,1,Scoring Big,49
Jalen Pickett,8,Primary Shot-Creating Guard (Facilitator),27
Jalen Smith,15,Low-Usage 3&D Wing (Defensive),60
Jalen Suggs,13,Pull-Up Shooter (Defensive),74
Jalen Williams,23,Primary Scoring Guard (Facilitator),70
Jalen Wilson,1,Scoring Big,42
Jamal Cain,1,Scoring Big,25
Jamal Murray,23,Primary Scoring Guard (Facilitator),58
James Harden,5,High-Usage Elite Perimeter Creator (Facilitator),72
James Wiseman,6,Low-Usage Rim-Running Center (Defensive),62
Jarace Walker,13,Pull-Up Shooter (Defensive),33
Jared Butler,19,High-Usage Versatile Role Player (Facilitator),39
Jaren Jackson Jr.,12,High-Usage Slashing Wing,66
Jarred Vanderbilt,16,Scoring Big (Defensive),30
Jarrett Allen,24,Post-Up Center (Aggressive),76
Jaxson Hayes,24,Post-Up Center (Aggressive),70
Jaylen Brown,22,Role Player,70
Jaylin Williams,15,Low-Usage 3&D Wing (Defensive),68
Jayson Tatum,11,High-Usage Scoring Guard (Self-Creator),74
Jeff Green,15,Low-Usage 3&D Wing (Defensive),77
Jerami Grant,22,Role Player,54
Jeremiah Robinson-Earl,15,Low-Usage 3&D Wing (Defensive),38
Jeremy Sochan,1,Scoring Big,74
Jericho Sims,24,Post-Up Center (Aggressive),45
Jevon Carter,2,Pull-Up Shooter,71
Jimmy Butler,0,Primary Mid-Range Playmaker (Facilitator),59
Jock Landale,17,Low-Usage Defensive Anchor (Defensive),55
Joe Ingles,8,Primary Shot-Creating Guard (Facilitator),67
Joel Embiid,7,High-Usage Mid-Range Playmaker (Aggressive),39
John Collins,15,Low-Usage 3&D Wing (Defensive),68
John Konchar,18,Corner Specialist (Off-Ball),55
Johnny Davis,1,Scoring Big,49
Jonas Valanciunas,10,Mid-Range Scorer (Defensive),81
Jonathan Isaac,15,Low-Usage 3&D Wing (Defensive),57
Jonathan Kuminga,1,Scoring Big,73
Jontay Porter,16,Scoring Big (Defensive),26
Jordan Clarkson,23,Primary Scoring Guard (Facilitator),55
Jordan Goodwin,19,High-Usage Versatile Role Player (Facilitator),56
Jordan Hawkins,2,Pull-Up Shooter,67
Jordan McLaughlin,4,Corner Specialist (Off-Ball),55
Jordan Nwora,22,Role Player,51
Jordan Poole,8,Primary Shot-Creating Guard (Facilitator),78
Jose Alvarado,13,Pull-Up Shooter (Defensive),55
Josh Giddey,19,High-Usage Versatile Role Player (Facilitator),79
Josh Green,14,Two-Way Wing,56
Josh Hart,1,Scoring Big,80
Josh Minott,16,Scoring Big (Defensive),31
Josh Okogie,18,Corner Specialist (Off-Ball),59
Josh Richardson,2,Pull-Up Shooter,43
Jrue Holiday,8,Primary Shot-Creating Guard (Facilitator),69
Julian Champagnie,3,Low-Usage Corner Specialist (Off-Ball),73
Julian Phillips,18,Corner Specialist (Off-Ball),40
Julian Strawther,13,Pull-Up Shooter (Defensive),49
Julius Randle,12,High-Usage Slashing Wing,46
Justin Holiday,4,Corner Specialist (Off-Ball),56
Justin Minaya,18,Corner Specialist (Off-Ball),33
Jusuf Nurkic,12,High-Usage Slashing Wing,75
KJ Martin,17,Low-Usage Defensive Anchor (Defensive),60
Karl-Anthony Towns,12,High-Usage Slashing Wing,61
Kawhi Leonard,23,Primary Scoring Guard (Facilitator),68
Keegan Murray,2,Pull-Up Shooter,76
Keita Bates-Diop,18,Corner Specialist (Off-Ball),53
Keldon Johnson,14,Two-Way Wing,69
Kelly Olynyk,12,High-Usage Slashing Wing,77
Kelly Oubre Jr.,1,Scoring Big,67
Kenrich Williams,4,Corner Specialist (Off-Ball),68
Kentavious Caldwell-Pope,2,Pull-Up Shooter,75
Keon Ellis,13,Pull-Up Shooter (Defensive),56
Kessler Edwards,4,Corner Specialist (Off-Ball),53
Kevin Durant,7,High-Usage Mid-Range Playmaker (Aggressive),74
Kevin Huerter,3,Low-Usage Corner Specialist (Off-Ball),64
Kevin Knox II,18,Corner Specialist (Off-Ball),31
Kevin Love,14,Two-Way Wing,54
Kevon Looney,24,Post-Up Center (Aggressive),73
Keyonte George,8,Primary Shot-Creating Guard (Facilitator),74
Khris Middleton,7,High-Usage Mid-Range Playmaker (Aggressive),54
Killian Hayes,23,Primary Scoring Guard (Facilitator),42
Kira Lewis Jr.,19,High-Usage Versatile Role Player (Facilitator),27
Klay Thompson,2,Pull-Up Shooter,76
Kobe Brown,18,Corner Specialist (Off-Ball),43
Kris Dunn,19,High-Usage Versatile Role Player (Facilitator),66
Kris Murray,18,Corner Specialist (Off-Ball),61
Kristaps Porzingis,15,Low-Usage 3&D Wing (Defensive),57
Kyle Anderson,0,Primary Mid-Range Playmaker (Facilitator),78
Kyle Kuzma,22,Role Player,70
Kyle Lowry,13,Pull-Up Shooter (Defensive),59
Kyrie Irving,23,Primary Scoring Guard (Facilitator),58
Lamar Stevens,10,Mid-Range Scorer (Defensive),38
Landry Shamet,13,Pull-Up Shooter (Defensive),46
Larry Nance Jr.,16,Scoring Big (Defensive),60
Lauri Markkanen,15,Low-Usage 3&D Wing (Defensive),55
LeBron James,11,High-Usage Scoring Guard (Self-Creator),71
Leaky Black,15,Low-Usage 3&D Wing (Defensive),25
Lester Quinones,13,Pull-Up Shooter (Defensive),36
Lindy Waters III,3,Low-Usage Corner Specialist (Off-Ball),37
Lonnie Walker IV,2,Pull-Up Shooter,57
Luguentz Dort,18,Corner Specialist (Off-Ball),78
Luka Doncic,5,High-Usage Elite Perimeter Creator (Facilitator),70
Luka Samanic,15,Low-Usage 3&D Wing (Defensive),42
Luke Kennard,3,Low-Usage Corner Specialist (Off-Ball),39
Luke Kornet,17,Low-Usage Defensive Anchor (Defensive),62
Malachi Flynn,8,Primary Shot-Creating Guard (Facilitator),68
Malaki Branham,22,Role Player,75
Malcolm Brogdon,23,Primary Scoring Guard (Facilitator),39
Malik Beasley,3,Low-Usage Corner Specialist (Off-Ball),78
Malik Monk,8,Primary Shot-Creating Guard (Facilitator),72
MarJon Beauchamp,14,Two-Way Wing,47
Marcus Morris Sr.,2,Pull-Up Shooter,48
Marcus Sasser,8,Primary Shot-Creating Guard (Facilitator),70
Markelle Fultz,0,Primary Mid-Range Playmaker (Facilitator),42
Markieff Morris,2,Pull-Up Shooter,25
Marvin Bagley III,17,Low-Usage Defensive Anchor (Defensive),50
Mason Plumlee,24,Post-Up Center (Aggressive),45
Matisse Thybulle,4,Corner Specialist (Off-Ball),65
Matt Ryan,-1,Other / Unique Stars,27
Max Christie,2,Pull-Up Shooter,67
Max Strus,3,Low-Usage Corner Specialist (Off-Ball),69
Maxi Kleber,15,Low-Usage 3&D Wing (Defensive),43
Maxwell Lewis,22,Role Player,34
Michael Porter Jr.,2,Pull-Up Shooter,80
Mikal Bridges,22,Role Player,81
Mike Conley,8,Primary Shot-Creating Guard (Facilitator),75
Mike Muscala,15,Low-Usage 3&D Wing (Defensive),52
Miles Bridges,22,Role Player,69
Miles McBride,4,Corner Specialist (Off-Ball),67
Mitchell Robinson,24,Post-Up Center (Aggressive),30
Mo Bamba,17,Low-Usage Defensive Anchor (Defensive),56
Monte Morris,-1,Other / Unique Stars,32
Moritz Wagner,17,Low-Usage Defensive Anchor (Defensive),79
Moses Moody,14,Two-Way Wing,65
Myles Turner,15,Low-Usage 3&D Wing (Defensive),77
Naji Marshall,1,Scoring Big,66
Nassir Little,18,Corner Specialist (Off-Ball),44
Nathan Mensah,6,Low-Usage Rim-Running Center (Defensive),25
Naz Reid,15,Low-Usage 3&D Wing (Defensive),80
Neemias Queta,6,Low-Usage Rim-Running Center (Defensive),27
Nic Claxton,17,Low-Usage Defensive Anchor (Defensive),70
Nick Richards,24,Post-Up Center (Aggressive),67
Nick Smith Jr.,2,Pull-Up Shooter,50
Nickeil Alexander-Walker,4,Corner Specialist (Off-Ball),81
Nicolas Batum,4,Corner Specialist (Off-Ball),59
Nikola Jokic,12,High-Usage Slashing Wing,78
Nikola Jovic,18,Corner Specialist (Off-Ball),45
Nikola Vucevic,10,Mid-Range Scorer (Defensive),75
Norman Powell,2,Pull-Up Shooter,76
OG Anunoby,18,Corner Specialist (Off-Ball),49
Obi Toppin,18,Corner Specialist (Off-Ball),82
Ochai Agbaji,18,Corner Specialist (Off-Ball),77
Olivier-Maxence Prosper,-1,Other / Unique Stars,39
Omer Yurtseven,10,Mid-Range Scorer (Defensive),47
Onyeka Okongwu,17,Low-Usage Defensive Anchor (Defensive),55
Orlando Robinson,12,High-Usage Slashing Wing,35
Oshae Brissett,1,Scoring Big,54
Ousmane Dieng,3,Low-Usage Corner Specialist (Off-Ball),32
P.J. Tucker,4,Corner Specialist (Off-Ball),30
P.J. Washington,15,Low-Usage 3&D Wing (Defensive),73
Paolo Banchero,11,High-Usage Scoring Guard (Self-Creator),79
Pascal Siakam,10,Mid-Range Scorer (Defensive),79
Pat Connaughton,3,Low-Usage Corner Specialist (Off-Ball),75
Patrick Baldwin Jr.,15,Low-Usage 3&D Wing (Defensive),37
Patrick Beverley,19,High-Usage Versatile Role Player (Facilitator),72
Patrick Williams,22,Role Player,43
Patty Mills,13,Pull-Up Shooter (Defensive),31
Paul George,11,High-Usage Scoring Guard (Self-Creator),74
Paul Reed,17,Low-Usage Defensive Anchor (Defensive),81
Payton Pritchard,8,Primary Shot-Creating Guard (Facilitator),81
Peyton Watson,15,Low-Usage 3&D Wing (Defensive),79
Precious Achiuwa,14,Two-Way Wing,73
Quentin Grimes,3,Low-Usage Corner Specialist (Off-Ball),51
RJ Barrett,1,Scoring Big,58
Rayan Rupert,1,Scoring Big,38
Reggie Bullock Jr.,3,Low-Usage Corner Specialist (Off-Ball),43
Reggie Jackson,23,Primary Scoring Guard (Facilitator),81
Richaun Holmes,17,Low-Usage Defensive Anchor (Defensive),40
Ricky Council IV,1,Scoring Big,31
Robert Covington,16,Scoring Big (Defensive),29
Royce O'Neale,3,Low-Usage Corner Specialist (Off-Ball),78
Rudy Gobert,24,Post-Up Center (Aggressive),75
Rui Hachimura,15,Low-Usage 3&D Wing (Defensive),68
Russell Westbrook,19,High-Usage Versatile Role Player (Facilitator),68
Saddiq Bey,18,Corner Specialist (Off-Ball),63
Sam Hauser,3,Low-Usage Corner Specialist (Off-Ball),78
Sam Merrill,3,Low-Usage Corner Specialist (Off-Ball),61
Sandro Mamukelashvili,15,Low-Usage 3&D Wing (Defensive),45
Santi Aldama,15,Low-Usage 3&D Wing (Defensive),61
Sasha Vezenkov,3,Low-Usage Corner Specialist (Off-Ball),41
Scoot Henderson,11,High-Usage Scoring Guard (Self-Creator),62
Scottie Barnes,19,High-Usage Versatile Role Player (Facilitator),60
Seth Curry,2,Pull-Up Shooter,43
Shaedon Sharpe,22,Role Player,32
Shai Gilgeous-Alexander,11,High-Usage Scoring Guard (Self-Creator),74
Shake Milton,1,Scoring Big,48
Simone Fontecchio,18,Corner Specialist (Off-Ball),66
Skylar Mays,0,Primary Mid-Range Playmaker (Facilitator),37
Spencer Dinwiddie,8,Primary Shot-Creating Guard (Facilitator),75
Stephen Curry,8,Primary Shot-Creating Guard (Facilitator),74
Svi Mykhailiuk,3,Low-Usage Corner Specialist (Off-Ball),40
T.J. McConnell,0,Primary Mid-Range Playmaker (Facilitator),71
Talen Horton-Tucker,19,High-Usage Versatile Role Player (Facilitator),51
Taurean Prince,3,Low-Usage Corner Specialist (Off-Ball),78
Taylor Hendricks,18,Corner Specialist (Off-Ball),39
Terance Mann,18,Corner Specialist (Off-Ball),74
Terry Rozier,8,Primary Shot-Creating Guard (Facilitator),61
Terry Taylor,1,Scoring Big,31
Thaddeus Young,16,Scoring Big (Defensive),32
Thanasis Antetokounmpo,6,Low-Usage Rim-Running Center (Defensive),33
Thomas Bryant,17,Low-Usage Defensive Anchor (Defensive),37
Tim Hardaway Jr.,2,Pull-Up Shooter,78
Tobias Harris,22,Role Player,69
Torrey Craig,18,Corner Specialist (Off-Ball),52
Toumani Camara,1,Scoring Big,70
Trae Young,5,High-Usage Elite Perimeter Creator (Facilitator),53
Trayce Jackson-Davis,24,Post-Up Center (Aggressive),66
Tre Jones,0,Primary Mid-Range Playmaker (Facilitator),76
Tre Mann,19,High-Usage Versatile Role Player (Facilitator),40
Trendon Watford,12,High-Usage Slashing Wing,62
Trent Forrest,0,Primary Mid-Range Playmaker (Facilitator),37
Trey Lyles,18,Corner Specialist (Off-Ball),57
Trey Murphy III,3,Low-Usage Corner Specialist (Off-Ball),56
Tristan Thompson,24,Post-Up Center (Aggressive),48
Troy Brown Jr.,2,Pull-Up Shooter,58
Tyler Herro,23,Primary Scoring Guard (Facilitator),41
Tyrese Haliburton,5,High-Usage Elite Perimeter Creator (Facilitator),69
Tyrese Maxey,8,Primary Shot-Creating Guard (Facilitator),69
Tyus Jones,-1,Other / Unique Stars,66
Vasilije Micic,8,Primary Shot-Creating Guard (Facilitator),59
Victor Wembanyama,-1,Other / Unique Stars,71
Vince Williams Jr.,1,Scoring Big,52
Walker Kessler,17,Low-Usage Defensive Anchor (Defensive),64
Wendell Carter Jr.,15,Low-Usage 3&D Wing (Defensive),54
Wesley Matthews,13,Pull-Up Shooter (Defensive),36
Xavier Tillman,16,Scoring Big (Defensive),53
Yuta Watanabe,18,Corner Specialist (Off-Ball),34
Zach Collins,12,High-Usage Slashing Wing,68
Zach LaVine,11,High-Usage Scoring Guard (Self-Creator),25
Zeke Nnaji,17,Low-Usage Defensive Anchor (Defensive),57
Ziaire Williams,22,Role Player,51
Zion Williamson,12,High-Usage Slashing Wing,69
